	accuracy	f1_score
0	0.6544871794871795	0.5686362951335021
