	accuracy	f1_score
0	0.8044871794871795	0.7679890049559064
0	0.7891025641025641	0.7552230889805421
0	0.8243589743589743	0.7943740151180503
0	0.7961538461538461	0.7551357058327934
0	0.8032051282051282	0.7600392076355726
0	0.7762820512820513	0.7246335473457074
0	0.7371794871794872	0.699074144431588
0	0.8493589743589743	0.8370715009529415
