	BENIGN	Bot	DDoS	DoS GoldenEye	DoS Hulk	DoS Slowhttptest	DoS slowloris	FTP-Patator	PortScan	SSH-Patator	Web Attack Brute Force	Web Attack XSS
0	0.6666666666666666	0.39506172839506176	0.9961685823754789	0.952029520295203	0.9847328244274809	0.673469387755102	0.8403908794788274	0.9603174603174605	0.9591078066914498	0.920863309352518	0.04511278195488722	0.6831955922865014
