	accuracy	f1_score
0	0.7961538461538461	0.7564263783330529
