	BENIGN	Bot	DDoS	DoS GoldenEye	DoS Hulk	DoS Slowhttptest	DoS slowloris	FTP-Patator	PortScan	SSH-Patator	Web Attack Brute Force	Web Attack XSS
0	0.7378048780487806	0.6096256684491979	0.9699248120300752	0.9701492537313433	0.9660377358490566	0.7793427230046948	0.8668941979522184	0.988593155893536	0.9809885931558935	0.9416058394160584	0.030303030303030307	0.6739130434782609
