	accuracy	f1_score
0	0.8262820512820512	0.792931910942679
