	BENIGN	Bot	DDoS	DoS GoldenEye	DoS Hulk	DoS Slowhttptest	DoS slowloris	FTP-Patator	PortScan	SSH-Patator	Web Attack Brute Force	Web Attack XSS
0	0.7469879518072289	0.951219512195122	0.9090909090909091	0.9333333333333333	0.9487179487179489	0.8732394366197184	0.8837209302325583	0.888888888888889	0.925	0.9629629629629629	0.6554621848739496	0.13333333333333333
