	accuracy	f1_score
0	0.8354166666666667	0.8176631160046629
