	BENIGN	Bot	DDoS	DoS GoldenEye	DoS Hulk	DoS Slowhttptest	DoS slowloris	FTP-Patator	PortScan	SSH-Patator	Web Attack Brute Force	Web Attack XSS
0	0.38647342995169076	0.0	1.0	0.952029520295203	0.9808429118773947	0.0	0.6860158311345647	0.9961389961389961	0.9735849056603774	0.9014084507042254	0.0	0.0
