	accuracy	f1_score
0	0.6557692307692308	0.5730411704802043
