	BENIGN	Bot	DDoS	DoS GoldenEye	DoS Hulk	DoS Slowhttptest	DoS slowloris	FTP-Patator	PortScan	SSH-Patator	Web Attack Brute Force	Web Attack XSS
0	0.8000000000000002	0.7962962962962964	0.988593155893536	0.9884169884169884	0.9769230769230769	0.857142857142857	0.911111111111111	0.9803921568627451	0.9416058394160584	0.9516728624535317	0.6246056782334386	0.380952380952381
