	accuracy	f1_score
0	0.857051282051282	0.8498093669751685
