	accuracy	f1_score
0	0.8205128205128205	0.7931340521380137
