	BENIGN	Bot	DDoS	DoS GoldenEye	DoS Hulk	DoS Slowhttptest	DoS slowloris	FTP-Patator	PortScan	SSH-Patator	Web Attack Brute Force	Web Attack XSS
0	0.7450980392156863	0.7962962962962964	0.9591078066914498	0.9450549450549451	0.9516728624535317	0.686868686868687	0.7859649122807016	0.9961685823754789	0.959409594095941	0.9377289377289378	0.08571428571428573	0.6685236768802229
