	accuracy	f1_score
0	0.8070512820512821	0.7792541529965821
