	BENIGN	Bot	DDoS	DoS GoldenEye	DoS Hulk	DoS Slowhttptest	DoS slowloris	FTP-Patator	PortScan	SSH-Patator	Web Attack Brute Force	Web Attack XSS
0	0.8112449799196787	0.9772727272727273	0.9224489795918367	0.9657794676806083	0.9343065693430657	0.9111969111969112	0.935361216730038	0.9809885931558935	0.9885057471264368	0.9806949806949806	0.27450980392156865	0.67574931880109
