	accuracy	f1_score
0	0.8775641025641026	0.8631716079529029
