	accuracy	f1_score
0	0.6525641025641026	0.5684479311604467
