	accuracy	f1_score
0	0.8538461538461538	0.8341679907481362
0	0.8423076923076923	0.8152365626593301
0	0.8557692307692307	0.8351578706761411
0	0.8493589743589743	0.8359505792468064
0	0.8621794871794872	0.8404639653460635
0	0.8583333333333333	0.8357127805102282
0	0.8544871794871794	0.8304146747192307
0	0.8551282051282051	0.8322153477341921
0	0.823076923076923	0.8010042578520152
0	0.8673076923076923	0.8484162867543441
