	BENIGN	Bot	DDoS	DoS GoldenEye	DoS Hulk	DoS Slowhttptest	DoS slowloris	FTP-Patator	PortScan	SSH-Patator	Web Attack Brute Force	Web Attack XSS
0	0.7811447811447813	0.8144796380090498	0.9774436090225563	0.9446494464944649	0.9885057471264368	0.7192118226600985	0.8686868686868687	0.988593155893536	0.9696969696969696	0.9343065693430657	0.12949640287769784	0.6813186813186813
