	accuracy	f1_score
0	0.8423076923076923	0.8164611410228506
