	accuracy	f1_score
0	0.6493589743589744	0.5666752538920548
