	accuracy	f1_score
0	0.8166666666666667	0.7848934249582168
0	0.8044871794871795	0.7912612974056281
0	0.8217948717948718	0.7918678966892991
0	0.7852564102564102	0.7431318312122848
0	0.767948717948718	0.714356132608039
0	0.8102564102564103	0.7820600266231768
0	0.8102564102564103	0.7792028249441635
0	0.8467948717948718	0.8222729640708301
