	accuracy	f1_score
0	0.808974358974359	0.8028575356462352
0	0.7711538461538462	0.7115969628590056
0	0.7134615384615385	0.6737175524172929
0	0.7794871794871795	0.7452640511721785
0	0.7788461538461539	0.7256764347723724
0	0.7987179487179488	0.7623037933090786
0	0.7057692307692308	0.6531597304786624
0	0.7801282051282051	0.7282875417838572
0	0.7737179487179487	0.7149809927699072
0	0.7814102564102564	0.7312141309381311
