	accuracy	f1_score
0	0.6365384615384615	0.5530324114012355
