	BENIGN	Bot	DDoS	DoS GoldenEye	DoS Hulk	DoS Slowhttptest	DoS slowloris	FTP-Patator	PortScan	SSH-Patator	Web Attack Brute Force	Web Attack XSS
0	0.42628774422735344	0.0	0.9737827715355805	0.948529411764706	0.9770992366412214	0.0	0.5633187772925765	0.9885057471264368	0.8510638297872339	0.9078014184397163	0.0	0.0
