	BENIGN	Bot	DDoS	DoS GoldenEye	DoS Hulk	DoS Slowhttptest	DoS slowloris	FTP-Patator	PortScan	SSH-Patator	Web Attack Brute Force	Web Attack XSS
0	0.43010752688172044	0.5310734463276836	0.9701492537313433	0.9446494464944649	0.9770992366412214	0.7685185185185186	0.878048780487805	0.9811320754716981	0.948529411764706	0.9343065693430657	0.08571428571428573	0.0
