	accuracy	f1_score
0	0.7038461538461539	0.6510433920675038
