	BENIGN	Bot	DDoS	DoS GoldenEye	DoS Hulk	DoS Slowhttptest	DoS slowloris	FTP-Patator	PortScan	SSH-Patator	Web Attack Brute Force	Web Attack XSS
0	0.4067796610169491	0.08823529411764706	0.973384030418251	0.952029520295203	0.962406015037594	0.7511737089201879	0.7875	0.9603174603174605	0.9809885931558935	0.9045936395759717	0.04511278195488722	0.0
