	accuracy	f1_score
0	0.7403846153846154	0.7041107126147094
