	BENIGN	Bot	DDoS	DoS GoldenEye	DoS Hulk	DoS Slowhttptest	DoS slowloris	FTP-Patator	PortScan	SSH-Patator	Web Attack Brute Force	Web Attack XSS
0	0.3885350318471338	0.0	0.9696969696969696	0.952029520295203	0.9660377358490566	0.0	0.6935483870967742	0.952755905511811	0.9735849056603774	0.9039145907473309	0.0	0.0
