	accuracy	f1_score
0	0.8038461538461539	0.7623119156606167
