	BENIGN	Bot	DDoS	DoS GoldenEye	DoS Hulk	DoS Slowhttptest	DoS slowloris	FTP-Patator	PortScan	SSH-Patator	Web Attack Brute Force	Web Attack XSS
0	0.654054054054054	0.761904761904762	0.9737827715355805	0.9699248120300752	0.9657794676806083	0.7677725118483413	0.8571428571428572	0.9961389961389961	0.9277566539923955	0.9309090909090909	0.2	0.64
