	BENIGN	Bot	DDoS	DoS GoldenEye	DoS Hulk	DoS Slowhttptest	DoS slowloris	FTP-Patator	PortScan	SSH-Patator	Web Attack Brute Force	Web Attack XSS
0	0.7267267267267267	0.6387434554973821	0.966542750929368	0.9699248120300752	0.9696969696969696	0.7873303167420814	0.8719723183391004	0.9606299212598426	0.9885057471264368	0.9181494661921707	0.6204986149584488	0.0
0	0.625	0.3116883116883117	0.9923664122137404	0.9847328244274809	0.9696969696969696	0.7254901960784313	0.8338762214983714	0.952755905511811	0.9765625	0.9446494464944649	0.5984848484848485	0.5798319327731093
0	0.7256097560975608	0.5714285714285715	0.988593155893536	0.952029520295203	0.9699248120300752	0.7317073170731707	0.8431372549019607	0.9961685823754789	0.9735849056603774	0.9411764705882353	0.12949640287769784	0.6795580110497237
0	0.6526315789473683	0.2781456953642384	0.9737827715355805	0.952029520295203	0.973384030418251	0.686868686868687	0.862876254180602	0.9803921568627451	0.9660377358490566	0.927536231884058	0.6187845303867403	0.04511278195488722
0	0.6115288220551378	0.0	0.9662921348314606	0.9662921348314606	0.9770992366412214	0.6764705882352942	0.8459016393442623	0.9685039370078741	0.973384030418251	0.9347826086956521	0.6072423398328691	0.04477611940298507
0	0.6979472140762463	0.6021505376344086	0.9883268482490272	0.9450549450549451	0.973384030418251	0.7317073170731707	0.8745762711864408	0.9923664122137404	0.9662921348314606	0.948529411764706	0.6072423398328691	0.05714285714285715
0	0.7011494252873564	0.5714285714285715	0.9737827715355805	0.9662921348314606	0.9846153846153847	0.7909090909090909	0.8750000000000001	0.9490196078431372	0.9591078066914498	0.9381818181818182	0.6106442577030813	0.030303030303030307
0	0.7880794701986754	0.7757009345794392	0.9737827715355805	0.9806949806949806	0.9847328244274809	0.7964601769911505	0.8692579505300353	0.9961685823754789	0.948529411764706	0.9411764705882353	0.12949640287769784	0.6831955922865014
