	BENIGN	Bot	DDoS	DoS GoldenEye	DoS Hulk	DoS Slowhttptest	DoS slowloris	FTP-Patator	PortScan	SSH-Patator	Web Attack Brute Force	Web Attack XSS
0	0.6685714285714286	0.38509316770186336	0.966542750929368	0.9770992366412214	0.9808429118773947	0.783410138248848	0.8737201365187715	0.9885057471264368	0.9558823529411764	0.9014084507042254	0.0	0.6666666666666667
