	BENIGN	Bot	DDoS	DoS GoldenEye	DoS Hulk	DoS Slowhttptest	DoS slowloris	FTP-Patator	PortScan	SSH-Patator	Web Attack Brute Force	Web Attack XSS
0	0.7083333333333334	0.547486033519553	0.962962962962963	0.948529411764706	0.9694656488549619	0.6632653061224489	0.8403908794788274	0.9961389961389961	0.9555555555555556	0.9175627240143368	0.04511278195488722	0.6610644257703082
0	0.6165803108808291	0.0	0.966542750929368	0.952029520295203	0.9735849056603774	0.6666666666666666	0.8514851485148516	0.9649805447470817	0.9555555555555556	0.9078014184397163	0.5665236051502146	0.6409266409266409
0	0.6815642458100559	0.5555555555555556	0.9701492537313433	0.9847328244274809	0.9731800766283524	0.8632478632478633	0.8936170212765957	0.9641434262948207	0.9809885931558935	0.9516728624535317	0.04511278195488722	0.6685236768802229
0	0.6666666666666667	0.3902439024390244	0.9626865671641791	0.9809885931558935	0.9699248120300752	0.7464114832535885	0.8376623376623376	0.9644268774703556	0.9662921348314606	0.9078014184397163	0.0	0.6685236768802229
0	0.695906432748538	0.38509316770186336	0.9701492537313433	0.9450549450549451	0.9772727272727273	0.7579908675799086	0.8456375838926173	0.9885057471264368	0.952029520295203	0.9343065693430657	0.0	0.6685236768802229
0	0.5985037406483791	0.0	0.9770992366412214	0.973384030418251	0.9808429118773947	0.7272727272727274	0.865771812080537	0.988593155893536	0.973384030418251	0.927536231884058	0.6239554317548746	0.05925925925925926
0	0.41818181818181827	0.5714285714285715	0.959409594095941	0.948529411764706	0.9769230769230769	0.7511737089201879	0.8600682593856654	1.0	0.9591078066914498	0.8989547038327526	0.04511278195488722	0.0
0	0.7959183673469389	0.8036529680365296	0.9701492537313433	0.9626865671641791	0.9588014981273408	0.7378640776699029	0.8459016393442623	0.9961389961389961	0.9735849056603774	0.927536231884058	0.3932584269662921	0.6793650793650793
