	BENIGN	Bot	DDoS	DoS GoldenEye	DoS Hulk	DoS Slowhttptest	DoS slowloris	FTP-Patator	PortScan	SSH-Patator	Web Attack Brute Force	Web Attack XSS
0	0.6	0.0	0.9731800766283524	0.9772727272727273	0.973384030418251	0.7378640776699029	0.8459016393442623	0.9641434262948207	0.9884169884169884	0.9411764705882353	0.08571428571428573	0.6685236768802229
