	accuracy	f1_score
0	0.7788461538461539	0.7296314499356708
