	BENIGN	Bot	DDoS	DoS GoldenEye	DoS Hulk	DoS Slowhttptest	DoS slowloris	FTP-Patator	PortScan	SSH-Patator	Web Attack Brute Force	Web Attack XSS
0	0.3823529411764706	0.0	0.9701492537313433	0.952029520295203	0.962121212121212	0.0	0.6843501326259946	0.9885057471264368	0.9772727272727273	0.9045936395759717	0.0	0.0
