	BENIGN	Bot	DDoS	DoS GoldenEye	DoS Hulk	DoS Slowhttptest	DoS slowloris	FTP-Patator	PortScan	SSH-Patator	Web Attack Brute Force	Web Attack XSS
0	0.6686390532544377	0.6354166666666666	0.962121212121212	0.948529411764706	0.9694656488549619	0.7511737089201879	0.8811188811188813	0.9803921568627451	0.9735849056603774	0.9372693726937269	0.1258741258741259	0.6685236768802229
0	0.6808510638297872	0.631578947368421	0.9591078066914498	0.9555555555555556	0.9694656488549619	0.7511737089201879	0.8873239436619719	0.9811320754716981	0.9626865671641791	0.9407407407407407	0.08571428571428573	0.6666666666666667
0	0.5994397759103641	0.10218978102189781	0.9272030651340997	0.9847328244274809	0.8858131487889275	0.7342995169082125	0.8514851485148516	0.988593155893536	0.948529411764706	0.9372693726937269	0.6355140186915887	0.3502824858757062
0	0.6920821114369501	0.56353591160221	0.9769230769230769	0.952029520295203	0.9660377358490566	0.8421052631578948	0.927007299270073	0.9609375	0.948529411764706	0.9411764705882353	0.628415300546448	0.059701492537313446
0	0.6195652173913043	0.38509316770186336	0.9505703422053231	0.9377289377289378	0.9477611940298507	0.7570093457943924	0.8104089219330854	0.9961685823754789	0.9446494464944649	0.9450549450549451	0.08571428571428573	0.6685236768802229
0	0.6341463414634146	0.3827160493827161	0.9884169884169884	0.952029520295203	0.973384030418251	0.7909090909090909	0.888888888888889	0.952755905511811	0.9555555555555556	0.9343065693430657	0.1	0.6685236768802229
0	0.6865671641791045	0.6458333333333334	0.9809885931558935	0.9735849056603774	0.9662921348314606	0.7000000000000001	0.8514851485148516	0.9809885931558935	0.9846153846153847	0.9377289377289378	0.08571428571428573	0.6685236768802229
0	0.7194719471947194	0.7720930232558139	0.9694656488549619	0.9844961240310077	0.9729729729729729	0.7211538461538463	0.8316831683168316	0.9343629343629343	0.9280575539568345	0.9045936395759717	0.04511278195488722	0.6685236768802229
0	0.6243386243386243	0.36477987421383645	0.9660377358490566	0.9660377358490566	0.9343065693430657	0.8125	0.9242424242424243	0.9603174603174605	0.9772727272727273	0.9377289377289378	0.12949640287769784	0.6831955922865014
