	BENIGN	Bot	DDoS	DoS GoldenEye	DoS Hulk	DoS Slowhttptest	DoS slowloris	FTP-Patator	PortScan	SSH-Patator	Web Attack Brute Force	Web Attack XSS
0	0.39215686274509803	0.0	0.9626865671641791	0.9481481481481482	0.9660377358490566	0.0	0.7049180327868853	0.9923664122137404	0.9552238805970149	0.9020979020979021	0.0	0.0
