	BENIGN	Bot	DDoS	DoS GoldenEye	DoS Hulk	DoS Slowhttptest	DoS slowloris	FTP-Patator	PortScan	SSH-Patator	Web Attack Brute Force	Web Attack XSS
0	0.6455331412103746	0.5142857142857142	0.9657794676806083	0.9884169884169884	0.9735849056603774	0.7246376811594202	0.8410596026490066	0.988593155893536	0.9735849056603774	0.9411764705882353	0.1258741258741259	0.6685236768802229
