	accuracy	f1_score
0	0.816025641025641	0.7918424017226875
0	0.8173076923076923	0.7893330842199922
0	0.7794871794871795	0.745445975468758
0	0.8173076923076923	0.7882067578309305
0	0.7871794871794872	0.7540206719420128
0	0.8006410256410257	0.7684693847554339
0	0.8166666666666667	0.7885268464808123
0	0.8166666666666667	0.7876656097925837
0	0.8044871794871795	0.7733545070266157
