	BENIGN	Bot	DDoS	DoS GoldenEye	DoS Hulk	DoS Slowhttptest	DoS slowloris	FTP-Patator	PortScan	SSH-Patator	Web Attack Brute Force	Web Attack XSS
0	0.7041420118343196	0.5945945945945945	0.988593155893536	0.9699248120300752	0.962406015037594	0.8547008547008548	0.8936170212765957	0.9763779527559054	0.9847328244274809	0.9416058394160584	0.6187845303867403	0.059701492537313446
