	BENIGN	Bot	DDoS	DoS GoldenEye	DoS Hulk	DoS Slowhttptest	DoS slowloris	FTP-Patator	PortScan	SSH-Patator	Web Attack Brute Force	Web Attack XSS
0	0.3936	0.0	0.9772727272727273	0.952029520295203	0.9808429118773947	0.0	0.6861702127659575	0.9641434262948207	0.9555555555555556	0.9078014184397163	0.0	0.0
