	accuracy	f1_score
0	0.842948717948718	0.8140179030149596
0	0.8474358974358974	0.8360201216777771
0	0.841025641025641	0.816387321291673
0	0.8326923076923077	0.8031075302104898
0	0.8269230769230769	0.8004039618094942
0	0.8076923076923077	0.7725702570805093
0	0.8282051282051283	0.7979470411208895
0	0.842948717948718	0.8144556228569049
