	accuracy	f1_score
0	0.6512820512820513	0.5681179810417814
