	BENIGN	Bot	DDoS	DoS GoldenEye	DoS Hulk	DoS Slowhttptest	DoS slowloris	FTP-Patator	PortScan	SSH-Patator	Web Attack Brute Force	Web Attack XSS
0	0.7439024390243902	0.7559808612440191	0.9961685823754789	0.9626865671641791	0.9808429118773947	0.8680851063829788	0.9197080291970802	0.9603174603174605	0.9555555555555556	0.9411764705882353	0.015267175572519085	0.6685236768802229
0	0.7393939393939394	0.5869565217391305	0.9923664122137404	0.9735849056603774	0.951310861423221	0.8583690987124465	0.8936170212765957	0.9961685823754789	0.9696969696969696	0.9116607773851589	0.4766839378238343	0.6824324324324325
0	0.7884615384615384	0.8073394495412844	0.9809885931558935	0.9699248120300752	0.9770992366412214	0.7156862745098039	0.8552188552188552	0.9923076923076923	0.9809885931558935	0.9343065693430657	0.12765957446808512	0.6666666666666667
0	0.8181818181818182	0.8090909090909091	0.962962962962963	0.952029520295203	0.973384030418251	0.6666666666666666	0.8571428571428572	0.9809885931558935	0.9214285714285715	0.9411764705882353	0.08571428571428573	0.6685236768802229
0	0.7098591549295774	0.6170212765957447	0.9811320754716981	0.9808429118773947	0.9769230769230769	0.8311688311688311	0.8970588235294118	0.9729729729729729	0.9961389961389961	0.9481481481481482	0.6338797814207652	0.059701492537313446
0	0.759493670886076	0.6528497409326425	0.9548872180451128	0.9381818181818182	0.9735849056603774	0.6934673366834171	0.8459016393442623	0.9883268482490272	0.9450549450549451	0.9084507042253521	0.6106442577030813	0.0
0	0.7176470588235295	0.6096256684491979	0.959409594095941	0.952029520295203	0.9770992366412214	0.8125	0.9117647058823529	1.0	0.9847328244274809	0.9241877256317689	0.059701492537313446	0.6666666666666667
0	0.7737704918032786	0.7699530516431926	0.9884169884169884	0.9923076923076923	0.9846153846153847	0.8198198198198198	0.8686868686868687	0.9961685823754789	0.948529411764706	0.9175627240143368	0.04511278195488722	0.6685236768802229
