	accuracy	f1_score
0	0.8237179487179487	0.7957650920742556
